Face_View,Odds_Ratio,Left_Choices,Total_Choices,Probability_Left
left,0.13286713286713286,19,162,0.11728395061728394
right,0.13286713286713286,19,162,0.11728395061728394
full,0.038834951456310676,8,214,0.037383177570093455
